2010JS,解答,解説
1,5,解説なし
2,2,解説なし
3,5,解説なし
4,4,解説なし
5,5,解説なし
6,3,解説なし
7,2,解説なし
8,4,解説なし
9,5,解説なし
10,2,解説なし
11,1,解説なし
12,2,解説なし
13,4,解説なし
14,4,解説なし
15,3,解説なし
16,2,解説なし
17,4,解説なし
18,4,解説なし
19,5,解説なし
20,4,解説なし
21,4,解説なし
22,1,解説なし
23,3,解説なし
24,4,解説なし
25,3,解説なし
26,3,解説なし
27,3,解説なし
28,3,解説なし
29,5,解説なし
30,5,解説なし
31,5,解説なし
32,2,解説なし
33,2,解説なし
34,3,解説なし
35,4,解説なし
36,2,解説なし
37,2,解説なし
38,3,解説なし
39,1,解説なし
40,3,解説なし
41,4,解説なし
42,3,解説なし
43,5,解説なし
44,4,解説なし
45,2,解説なし
46,1,解説なし
47,1,解説なし
48,2,解説なし
49,4,解説なし
50,2,解説なし
